model,precision,speedup,memory_reduction_pct,energy_reduction_pct,mmlu_acc_drop_pct,gsm8k_acc_drop_pct,hellaswag_acc_drop_pct
Mistral-7B-Instruct-v0.3,int8,1.4505044120661343,0.0,45.04989657556872,0.16121602947950106,5.7663125948406755,0.3625925366369569
Mistral-7B-Instruct-v0.3,int4,1.6263903796636274,-0.09615047549413891,62.586421163535434,1.9806540764624645,8.952959028831563,0.7251850732739138
Phi-3-mini-4k-instruct,int8,1.3235133429083457,-0.05324344065769093,45.71050350184361,1.3836986163013834,9.030418250950568,0.664451827242536
Phi-3-mini-4k-instruct,int4,1.0069414323021924,-0.050581268624805276,50.63455388129938,3.1612968387031537,9.980988593155885,2.4916943521594686
Llama-3.2-3B-Instruct,int8,2.1768413589385474,-0.09015862282704123,35.25338120925044,0.04705328784849322,0.8948545861297533,-0.07547169811319408
Llama-3.2-3B-Instruct,int4,1.627826168064375,-0.03447241461034256,49.05450071009426,2.8937772026820396,11.297539149888149,1.5660377358490716
Qwen2.5-3B-Instruct,int4,0.954559314681772,0.015866588435575757,35.03494492509458,3.2950520553826355,18.47575057736721,1.9900497512437827
Qwen2.5-3B-Instruct,int8,0.9863923386274737,0.8686957168475118,12.607770408569042,1.20210368144253,1.1547344110854583,1.5458422174840103
