{
  "model": "Qwen/Qwen2.5-3B-Instruct",
  "precision": "fp16",
  "quantization_scheme": "FP16",
  "timestamp": "2025-12-10T15:27:55.699858",
  "num_parameters": 2434269184,
  "num_parameters_b": 2.434269184,
  "model_size_gb": 5.7480549439787865,
  "mean_latency_s": 0.1457838965654373,
  "median_latency_s": 0.14610955119132996,
  "p95_latency_s": 0.14686623215675354,
  "p99_latency_s": 0.161726713180542,
  "std_latency_s": 0.003556175691351193,
  "mean_peak_mem_mb": 75630.625,
  "mean_avg_mem_mb": 75630.625,
  "tokens_per_second": 1186.2832869361043
}