{
  "model": "mistralai/Mistral-7B-Instruct-v0.3",
  "precision": "fp16",
  "quantization_scheme": "FP16",
  "timestamp": "2025-12-12T21:12:51.133953",
  "num_parameters": 6710886400,
  "num_parameters_b": 6.7108864,
  "size_gb_fp16": 12.5,
  "mean_latency_s": 0.18329558444023134,
  "median_latency_s": 0.18247327208518982,
  "p95_latency_s": 0.1832093894481659,
  "p99_latency_s": 0.24323137601216635,
  "std_latency_s": 0.006612100854866818,
  "mean_peak_mem_mb": 74882.625,
  "mean_avg_mem_mb": 74886.625,
  "tokens_per_second": 714.6926119364115
}