{
  "model": "Qwen/Qwen2.5-3B-Instruct",
  "precision": "int8",
  "quantization_scheme": "GPTQ (W8A8)",
  "timestamp": "2025-12-10T17:25:50.960636",
  "num_parameters": 2434269184,
  "num_parameters_b": 2.434269184,
  "size_gb_fp16": 4.5341796875,
  "mean_latency_s": 0.1477950414419174,
  "median_latency_s": 0.14722508192062378,
  "p95_latency_s": 0.1480233073234558,
  "p99_latency_s": 0.19532398382822672,
  "std_latency_s": 0.005251108993739846,
  "mean_peak_mem_mb": 5035.17236328125,
  "mean_avg_mem_mb": 81902.625,
  "tokens_per_second": 811.9352234639028
}