{
  "model": "meta-llama/Llama-3.2-3B-Instruct",
  "precision": "int8",
  "quantization_scheme": "GPTQ (W8A8)",
  "timestamp": "2025-12-09T00:53:09.327303",
  "num_parameters": 3958898688,
  "num_parameters_b": 3.958898688,
  "size_gb_fp16": 7.3740234375,
  "energy_kwh": 0.013588098667934258,
  "energy_joules": 48917.15520456333,
  "duration_seconds": 247.657297372818,
  "avg_power_watts": 197.519538989899,
  "min_power_watts": 78.698,
  "max_power_watts": 208.315,
  "std_power_watts": 5.171404899516419,
  "energy_per_query_j": 244.58577602281665
}