{
  "model": "meta-llama/Llama-3.2-3B-Instruct",
  "precision": "int8",
  "quantization_scheme": "GPTQ (W8A8)",
  "timestamp": "2025-12-09T00:53:09.327303",
  "num_parameters": 3958898688,
  "num_parameters_b": 3.958898688,
  "size_gb_fp16": 7.3740234375,
  "mean_latency_s": 0.09887495052814484,
  "median_latency_s": 0.09860673546791077,
  "p95_latency_s": 0.09906336665153503,
  "p99_latency_s": 0.1297274430592855,
  "std_latency_s": 0.0034292422504046223,
  "mean_peak_mem_mb": 75490.625,
  "mean_avg_mem_mb": 75490.625,
  "tokens_per_second": 1517.06776285367
}