{
  "model": "mistralai/Mistral-7B-Instruct-v0.3",
  "precision": "int4",
  "quantization_scheme": "GPTQ (W4A16)",
  "timestamp": "2025-12-12T19:11:24.668661",
  "num_parameters": 6710886400,
  "num_parameters_b": 6.7108864,
  "size_gb_fp16": 12.5,
  "mean_latency_s": 0.11270085382461548,
  "median_latency_s": 0.1121884286403656,
  "p95_latency_s": 0.11323952674865723,
  "p99_latency_s": 0.1456393003463745,
  "std_latency_s": 0.004060130468736335,
  "mean_peak_mem_mb": 74954.625,
  "mean_avg_mem_mb": 74954.625,
  "tokens_per_second": 1420.5349344481438
}